Name,Address,Phone Number,Age
Donald Fuller,"691 Jon Forest Apt. 661
East Jimmystad, OK 93220",293.296.3153,27
Lauren Murray,"64635 Montgomery Shore Apt. 290
Joshuashire, VI 68522",001-200-751-7626,63
Jamie Myers,"88116 Patrick Shoal Suite 799
Lake Williamton, AL 65879",543-955-6248,78
Cassandra Dudley,"842 Stevens Centers Apt. 264
Lowemouth, KS 76370",720.651.1460x477,23
Tammy Giles,"USS Lowery
FPO AA 73796",(451)268-2655,65
Brandon Jones,"48723 Jenna Loop
East Kellymouth, NC 71294",2058543276,21
Mary Simpson,"PSC 4356, Box 9270
APO AP 58621",001-211-218-1381x01411,36
Emily Schmidt,"622 Johnson Hollow Suite 844
South Joel, LA 67070",001-677-243-1314,24
Cheryl Moore,"28326 Angelica Summit Apt. 322
Selenaville, KS 38469",326-529-7636,76
Allen Burke,"6754 Johnson Court
Wintershaven, MO 91424",919.258.3676x57659,31
Samuel Conley,"5177 Lewis Fork
North Pamelatown, MT 40726",6547483160,68
Shaun Romero,"96113 Brianna Forks
East James, MH 99796",001-993-513-4358x92489,54
Rachael Morales,"80638 Richard Ville
Ochoatown, PA 08199",+1-485-939-6867,18
Caroline Casey,"097 Tyler Parks
Samuelville, SD 54047",+1-309-485-2965x2925,52
April Mitchell,"79518 Joseph Camp Suite 997
West Trevorville, AS 18535",(227)306-8626,53
David Smith,"07432 Kyle Locks
West Williamview, FL 42062",+1-615-347-0070x9357,79
Danielle Ewing,"134 Butler Wall Apt. 063
South Jameshaven, PR 95159",(591)449-5354x028,29
Julia Collins,"94193 Manuel Forest
North Alan, MN 19225",001-725-820-0978,44
Jeffrey Kelly,"381 Parker Way Apt. 576
Lake Edwardchester, PA 42430",(701)706-6316x801,39
William Soto MD,"734 Ballard Forges Apt. 931
East Brianstad, MD 78293",971-282-0802,65
Wesley Taylor,"88801 Walters Plain Apt. 899
North Helen, PR 33697",713-818-3077x1224,26
James Miller,"6873 Wagner Drive Apt. 392
West Dwaynestad, CA 35308",627-750-5269,36
Matthew Lewis,"60231 Delgado Glens Suite 239
Moraleshaven, GU 05862",001-260-594-0235x2142,54
Meghan Johnson,"091 Matthew Junction
West Rachelmouth, MN 29043",(767)386-4653,48
Daniel Stephens,"652 Reyes Islands
East Jamesberg, NE 99098",+1-467-446-5167x31495,71
Robin Turner,"589 Randy Plaza
Port Lisaville, NC 56607",529.960.5692x7849,50
Daniel Malone,"8699 Castaneda Crossing
New Kenneth, MS 12556",(475)380-8764,65
Jill Skinner,"196 Alex Stream Suite 306
Crystalside, AR 44682",(364)637-0047x47952,67
Juan Johnson,"64192 Michael Canyon
Reginaville, MP 64453",921.875.5274x5815,72
Taylor Anderson,"165 Collins Fords
Brianton, SC 32175",(303)560-6207x4719,30
Paul Smith,"USCGC Sutton
FPO AP 51335",297-506-7712,79
Kimberly Taylor,"278 Branch Island
Port Nicoleview, DE 41624",(314)897-8407x3387,66
Holly Elliott,"718 Peter Squares Suite 977
Lake Karenmouth, PR 47136",860.827.8566x73846,31
Matthew Malone,"791 Zimmerman Garden Apt. 896
Victoriaport, NE 59632",868.649.7897,46
Jennifer Johnson,"586 West Track Apt. 910
West Laura, AR 44984",232-555-5870x992,58
Curtis Roy,"Unit 6978 Box 1956
DPO AE 07569",339.770.4059,41
Vanessa Jones,"PSC 7008, Box 7095
APO AP 56402",6312916343,78
Justin Massey,"86822 Michael Hills
Davenportland, TN 09702",(842)578-0585x751,20
Brandi Wyatt,"32181 Knight Haven Apt. 266
Danielleside, KY 25080",866.542.7428,23
Amy Garcia,"135 Aaron Manors Suite 449
Robertfort, CT 35495",(368)409-7796x5452,28
Stephanie Roberts,"81435 Benitez Forks Suite 929
South Theresaton, OK 48648",(233)598-1968,77
Rachel Thompson,"483 Reid View Apt. 080
Port Robertmouth, FL 82284",001-207-549-7592x0060,34
Steven Hopkins,"3641 Ramirez Haven
East Teresa, CT 02263",+1-602-734-5096x5291,60
Emily Miller,"01484 Taylor Forest
Stacyberg, NY 92847",696.545.9683,68
Michael Allen,"63794 Williams Tunnel
Patriciaton, AL 82718",001-966-581-3233,48
Tammy Roach,"297 Julie Inlet
Port Stacy, MN 28546",+1-442-627-0074x0881,36
Lisa Tran,"57765 Moran Locks Suite 939
Johnsonhaven, LA 39604",+1-467-518-7230,40
Ronald Arroyo,"5491 Foster Camp
East Matthewhaven, MP 86999",907-308-8615x254,42
Dustin Lowe,"078 Cheryl Squares
West Gary, WA 26662",316.652.2137x2079,35
Christopher Macias,"802 Michelle Canyon Apt. 796
Nicholastown, HI 54710",001-233-823-1682x586,55
Beth Randall,"USS Christensen
FPO AE 58385",513.563.0304x04917,40
Ricky Johnson,"39361 Melissa Forges Suite 374
Combsmouth, SC 64098",508-596-9044,63
Shawn Harris,"0101 Angela Locks Suite 217
Lake Joseph, NE 55442",931.234.6378x731,20
Jessica Tanner,"63008 Wu Corner
New Nicole, UT 86659",(273)713-6706x10228,73
Mark Stephens,"460 Jason Radial Apt. 127
Gonzalezborough, WV 52575",207-510-5967,69
Pamela Sanchez,"PSC 7754, Box 1407
APO AE 85540",623.951.9551,80
Donald Malone,"6664 Donna Viaduct
Port Darren, TX 70787",5626509809,76
Nicole Howard,"048 Harry Ville Apt. 387
Donaldfort, DE 15007",001-961-346-4487x2765,26
Meghan Ramsey,"47120 Andrew Divide Apt. 568
Anneland, MH 31478",001-279-578-0795x3433,30
Diana Foster,"32188 Ashley Fork
Kylebury, ND 32618",+1-883-382-4228x90173,29
Alexander Murillo,"367 Jacob Field Suite 837
Lake Valerieport, CO 79286",802.290.9765x8263,24
Sabrina Higgins,"15821 Karen Causeway
Emilystad, GU 00515",001-374-957-5130x9482,74
Darren Wood,"3803 Adam Rue
Port Josephberg, ME 32846",602.260.3843x8956,68
Linda Lowe,"363 Bradshaw Centers
Reedborough, WV 75857",(506)640-0266,48
Julie Harris,"26574 John Plaza
West Bruceport, MH 67175",475-677-0133x75086,59
Debra Paul,"466 Garcia Estates
South Catherineborough, NE 06648",+1-381-983-4022x96037,78
Amy Mendez,"439 Michael Falls
Mayoton, GA 08189",659-720-3823x7432,70
Jessica Davis,"PSC 5484, Box 1747
APO AE 70802",7842638371,59
Elizabeth Murray,"020 Humphrey Mission
South Julie, NY 10027",001-281-296-8957x749,57
Brianna Kaiser,"77761 Gordon Track
Bradleymouth, VI 70969",+1-967-802-8323x64051,57
Cheryl Kelly,"630 Blake Ford
Reillystad, CA 73987",(451)565-0245x19582,34
Jeffrey Ellis,"204 Julie Prairie Apt. 119
East Ericmouth, WI 70624",985.917.0191x7473,39
Andrew Rangel,"1417 Brown Valleys Apt. 804
Port Crystalbury, ID 48560",001-651-736-0504x078,18
Jessica Ray,"605 Morales Crest
North Julieville, MP 94982",001-938-703-7083x822,29
Scott Gardner,"60890 Andrea Rue
Reyesberg, MN 97465",839-396-0609x0382,21
Kevin Howard,"Unit 4734 Box 4211
DPO AE 28894",754-881-7538x58971,45
Stephen Vargas,"97284 Joseph Place
New Paul, WI 35658",914.838.1082x84100,26
Traci Hall,"36593 Garcia Extension
Orozcostad, AZ 68669",001-308-507-5969x256,76
Anthony Walters,"728 Diana Stream
Patrickstad, IN 37955",(425)680-6301x5978,19
Jennifer Russell,"1625 Jordan Circles Apt. 002
Lopezport, DE 33014",732-295-5695x8502,49
Gabriel Morgan,"117 Nichole Fords
Lawrencemouth, ND 07141",+1-771-960-2372x43640,24
Angela Ramirez,"00786 Timothy Forest
New Michellebury, DC 75004",001-941-366-9060x818,74
Bruce Jones,"Unit 2943 Box 6870
DPO AA 51048",3812975078,59
Richard Odom,"779 Ross Road Apt. 291
Bellville, UT 00870",702.290.6966,74
Kathryn Pierce,"PSC 6999, Box 2749
APO AE 93105",7139470299,70
Sarah Johnson,"PSC 3092, Box 5224
APO AA 65655",(837)815-5159x521,36
Jerome Le,"9857 Wade Burgs
South Mariaton, MD 67522",001-506-992-0539,68
Mary Henry,"6458 Jennifer Alley Suite 758
Keithmouth, MO 92505",498.316.8362x99615,25
Marissa Hernandez,"022 Ashley Crossroad Apt. 869
New Samanthafurt, SC 08087",631.464.3275,46
Laura Young,"259 Dale Key
Warrenhaven, RI 93669",728-881-1843,40
Samuel Odonnell,"26862 Mark Station
Hernandezville, CT 25374",6484547357,32
Timothy Robinson,"PSC 9880, Box 3516
APO AA 09351",001-554-730-4321x67341,76
Stephanie Walters,"9967 Carly Green
Martinbury, ID 00520",+1-947-489-5328,28
Anne Robinson,"0663 Michael Key
Aprilborough, NC 96428",+1-877-614-9013x019,42
Jack Perry,"4173 Harper Forks
Paultown, NC 44088",878-830-2867x666,61
Robert Collins,"765 Joshua Walks Suite 160
North Stevenstad, MN 05380",5595780675,56
Victoria Hill,"40216 John Lights Suite 055
Josebury, MO 80592",(570)268-5495,64
Steven Carroll,"978 Patel Valley Apt. 933
Matthewborough, MT 30368",388-280-3212x3891,25
Benjamin Barnett,"99606 Taylor Circle Suite 927
Morenostad, AK 43467",(977)441-9132x61320,52
Mr. Thomas Hensley,"98353 Dodson Branch Suite 020
North Jason, LA 57273",989.579.4297,50
